duration,protocol_type,service,flag,src_bytes,dst_bytes,land,wrong_fragment,urgent,hot,num_failed_logins,logged_in,num_compromised,root_shell,su_attempted,num_root,num_file_creations,num_shells,num_access_files,num_outbound_cmds
0.9200161375033464,0.8546307787582506,0.8181533572391962,0.1294743832930203,0.9726817461171872,0.1612186155278746,0.3399522080810483,0.3910640619790411,0.9555847031433498,0.3720603115638149,0.2873777508578005,0.627306330858817,0.9456739733098192,0.2127451189535824,0.5248291596133108,0.5380674565909387,0.7656958379117533,0.8881447631888078,0.0502044534160746,0.2465857625188022
0.8150782003689336,0.5991947007376904,0.3752725014918755,0.9769407864995352,0.5421518388262758,0.8540910039330419,0.1949349744218047,0.9272488275694382,0.2074890630935413,0.0947772966735757,0.76237595309799,0.4175787246419504,0.3747025612079061,0.580156560290465,0.1993664705753219,0.7288061364706749,0.846886045821913,0.8418988896868796,0.3733780512334693,0.6700949301988196
0.9738523218533413,0.9078069254516344,0.0321291019880322,0.6453112895421601,0.5697757997452502,0.9777516005159088,0.786048597580053,0.8105557273918653,0.9697628321923024,0.6839036513962784,0.4429291956935725,0.9910312053979996,0.5566394947550869,0.944204634665679,0.6952399545823612,0.3486542952379508,0.5969097177011357,0.7325247195018632,0.4001336788907161,0.3299783640785838
0.6278221914601073,0.261290315704742,0.3431341466306878,0.3465333486513049,0.7082474390138485,0.6631246551681234,0.3525555318427481,0.1755642271317383,0.6371964900212773,0.1163981924893945,0.7295076313935912,0.2528484404899471,0.4533634625137148,0.6416467040840399,0.0243220212558455,0.850793401198584,0.379662622860565,0.4709070109802337,0.6097311711870157,0.500544459499693
0.3476671818120361,0.8540901245022834,0.9151707311685998,0.6556203641628617,0.5005026007276687,0.1987251728004951,0.756660119610905,0.0033302958709624,0.3678818277538381,0.0792439607814976,0.9206530880576272,0.6362289595671515,0.7121874075261314,0.0993208263484901,0.3957055831965322,0.9913996122054564,0.9028441716955268,0.8705544369809962,0.1077924525015949,0.0024789603607553
